formula,target,MagpieData minimum Number,MagpieData maximum Number,MagpieData range Number,MagpieData mean Number,MagpieData avg_dev Number,MagpieData mode Number,MagpieData minimum MendeleevNumber,MagpieData maximum MendeleevNumber,MagpieData range MendeleevNumber,MagpieData mean MendeleevNumber,MagpieData avg_dev MendeleevNumber,MagpieData mode MendeleevNumber,MagpieData minimum AtomicWeight,MagpieData maximum AtomicWeight,MagpieData range AtomicWeight,MagpieData mean AtomicWeight,MagpieData avg_dev AtomicWeight,MagpieData mode AtomicWeight,MagpieData minimum MeltingT,MagpieData maximum MeltingT,MagpieData range MeltingT,MagpieData mean MeltingT,MagpieData avg_dev MeltingT,MagpieData mode MeltingT,MagpieData minimum Column,MagpieData maximum Column,MagpieData range Column,MagpieData mean Column,MagpieData avg_dev Column,MagpieData mode Column,MagpieData minimum Row,MagpieData maximum Row,MagpieData range Row,MagpieData mean Row,MagpieData avg_dev Row,MagpieData mode Row,MagpieData minimum CovalentRadius,MagpieData maximum CovalentRadius,MagpieData range CovalentRadius,MagpieData mean CovalentRadius,MagpieData avg_dev CovalentRadius,MagpieData mode CovalentRadius,MagpieData minimum Electronegativity,MagpieData maximum Electronegativity,MagpieData range Electronegativity,MagpieData mean Electronegativity,MagpieData avg_dev Electronegativity,MagpieData mode Electronegativity,MagpieData minimum NsValence,MagpieData maximum NsValence,MagpieData range NsValence,MagpieData mean NsValence,MagpieData avg_dev NsValence,MagpieData mode NsValence,MagpieData minimum NpValence,MagpieData maximum NpValence,MagpieData range NpValence,MagpieData mean NpValence,MagpieData avg_dev NpValence,MagpieData mode NpValence,MagpieData minimum NdValence,MagpieData maximum NdValence,MagpieData range NdValence,MagpieData mean NdValence,MagpieData avg_dev NdValence,MagpieData mode NdValence,MagpieData minimum NfValence,MagpieData maximum NfValence,MagpieData range NfValence,MagpieData mean NfValence,MagpieData avg_dev NfValence,MagpieData mode NfValence,MagpieData minimum NValence,MagpieData maximum NValence,MagpieData range NValence,MagpieData mean NValence,MagpieData avg_dev NValence,MagpieData mode NValence,MagpieData minimum NsUnfilled,MagpieData maximum NsUnfilled,MagpieData range NsUnfilled,MagpieData mean NsUnfilled,MagpieData avg_dev NsUnfilled,MagpieData mode NsUnfilled,MagpieData minimum NpUnfilled,MagpieData maximum NpUnfilled,MagpieData range NpUnfilled,MagpieData mean NpUnfilled,MagpieData avg_dev NpUnfilled,MagpieData mode NpUnfilled,MagpieData minimum NdUnfilled,MagpieData maximum NdUnfilled,MagpieData range NdUnfilled,MagpieData mean NdUnfilled,MagpieData avg_dev NdUnfilled,MagpieData mode NdUnfilled,MagpieData minimum NfUnfilled,MagpieData maximum NfUnfilled,MagpieData range NfUnfilled,MagpieData mean NfUnfilled,MagpieData avg_dev NfUnfilled,MagpieData mode NfUnfilled,MagpieData minimum NUnfilled,MagpieData maximum NUnfilled,MagpieData range NUnfilled,MagpieData mean NUnfilled,MagpieData avg_dev NUnfilled,MagpieData mode NUnfilled,MagpieData minimum GSvolume_pa,MagpieData maximum GSvolume_pa,MagpieData range GSvolume_pa,MagpieData mean GSvolume_pa,MagpieData avg_dev GSvolume_pa,MagpieData mode GSvolume_pa,MagpieData minimum GSbandgap,MagpieData maximum GSbandgap,MagpieData range GSbandgap,MagpieData mean GSbandgap,MagpieData avg_dev GSbandgap,MagpieData mode GSbandgap,MagpieData minimum GSmagmom,MagpieData maximum GSmagmom,MagpieData range GSmagmom,MagpieData mean GSmagmom,MagpieData avg_dev GSmagmom,MagpieData mode GSmagmom,MagpieData minimum SpaceGroupNumber,MagpieData maximum SpaceGroupNumber,MagpieData range SpaceGroupNumber,MagpieData mean SpaceGroupNumber,MagpieData avg_dev SpaceGroupNumber,MagpieData mode SpaceGroupNumber
Cs2Na1Y1F6,1.0,9,55,46,21.4,16.96,9,2,93,91,58.2,41.76,93,18.9984032,132.9054519,113.9070487,49.169694228,41.4415342232,18.9984032,53.5,1799.0,1745.5,309.405,310.212,53.5,1,17,16,10.8,7.44,17,2,6,4,3.2,1.48,2,57,244,187,118.6,73.92,57,0.79,3.98,3.19,2.761,1.4628,3.98,1,2,1,1.7,0.42,2,0,5,5,3.0,2.4,5,0,1,1,0.1,0.18,0,0,0,0,0.0,0.0,0,1,7,6,4.8,2.64,7,0,1,1,0.3,0.42,0,0,1,1,0.6,0.48,1,0,9,9,0.9,1.62,0,0,0,0,0.0,0.0,0,1,9,8,1.8,1.44,1,9.7075,115.765,106.0575,35.13833333333,32.250666666668,9.7075,0,1.97,1.97,1.182,0.9456,1.97,0,0.0,0.0,0.0,0.0,0,15,229,214,97.1,98.52,15
K2Na1Sc1F6,16.0,9,21,12,12.4,4.36,9,2,93,91,57.7,42.36,93,18.9984032,44.955912,25.9575088,26.013270048,9.0225403712,18.9984032,53.5,1814.0,1760.5,317.893,317.2716,53.5,1,17,16,10.8,7.44,17,2,4,2,2.7,0.84,2,57,203,146,108.4,61.68,57,0.82,3.98,3.16,2.781,1.4388,3.98,1,2,1,1.7,0.42,2,0,5,5,3.0,2.4,5,0,1,1,0.1,0.18,0,0,0,0,0.0,0.0,0,1,7,6,4.8,2.64,7,0,1,1,0.3,0.42,0,0,1,1,0.6,0.48,1,0,9,9,0.9,1.62,0,0,0,0,0.0,0.0,0,1,9,8,1.8,1.44,1,9.7075,73.1066666667,63.3991666667,25.59366666667,19.735133333338,9.7075,0,1.97,1.97,1.182,0.9456,1.97,0,6.35e-06,6.35e-06,6.35e-07,1.143e-06,0,15,229,214,97.1,98.52,15
Cs2Na1Sc1F6,19.0,9,55,46,19.6,14.44,9,2,93,91,58.1,41.88,93,18.9984032,132.9054519,113.9070487,44.774700428,35.2885429032,18.9984032,53.5,1814.0,1760.5,310.905,312.612,53.5,1,17,16,10.8,7.44,17,2,6,4,3.1,1.34,2,57,244,187,116.6,71.52,57,0.79,3.98,3.19,2.775,1.446,3.98,1,2,1,1.7,0.42,2,0,5,5,3.0,2.4,5,0,1,1,0.1,0.18,0,0,0,0,0.0,0.0,0,1,7,6,4.8,2.64,7,0,1,1,0.3,0.42,0,0,1,1,0.6,0.48,1,0,9,9,0.9,1.62,0,0,0,0,0.0,0.0,0,1,9,8,1.8,1.44,1,9.7075,115.765,106.0575,34.12533333333,32.655866666668,9.7075,0,1.97,1.97,1.182,0.9456,1.97,0,6.35e-06,6.35e-06,6.35e-07,1.143e-06,0,15,229,214,97.1,98.52,15
K2Na1Y1F6,54.0,9,39,30,14.2,6.88,9,2,93,91,57.8,42.24,93,18.9984032,88.90585,69.9074468,30.408263848,15.1755316912,18.9984032,53.5,1799.0,1745.5,316.393,315.4716,53.5,1,17,16,10.8,7.44,17,2,5,3,2.8,0.96,2,57,203,146,110.4,64.08,57,0.82,3.98,3.16,2.767,1.4556,3.98,1,2,1,1.7,0.42,2,0,5,5,3.0,2.4,5,0,1,1,0.1,0.18,0,0,0,0,0.0,0.0,0,1,7,6,4.8,2.64,7,0,1,1,0.3,0.42,0,0,1,1,0.6,0.48,1,0,9,9,0.9,1.62,0,0,0,0,0.0,0.0,0,1,9,8,1.8,1.44,1,9.7075,73.1066666667,63.3991666667,26.60666666667,20.279000000004,9.7075,0,1.97,1.97,1.182,0.9456,1.97,0,0.0,0.0,0.0,0.0,0,15,229,214,97.1,98.52,15
K1Rb2Sc1F6,20.0,9,37,28,16.8,9.36,9,3,93,90,58.0,42.0,93,18.9984032,85.4678,66.4693968,36.89802312,21.479543904,18.9984032,53.5,1814.0,1760.5,309.645,307.374,53.5,1,17,16,10.8,7.44,17,2,5,3,3.0,1.2,2,57,220,163,115.5,70.2,57,0.82,3.98,3.16,2.77,1.452,3.98,1,2,1,1.7,0.42,2,0,5,5,3.0,2.4,5,0,1,1,0.1,0.18,0,0,0,0,0.0,0.0,0,1,7,6,4.8,2.64,7,0,1,1,0.3,0.42,0,0,1,1,0.6,0.48,1,0,9,9,0.9,1.62,0,0,0,0,0.0,0.0,0,1,9,8,1.8,1.44,1,9.7075,90.7225,81.015,33.50316666667,30.808433333338,9.7075,0,1.97,1.97,1.182,0.9456,1.97,0,6.35e-06,6.35e-06,6.35e-07,1.143e-06,0,15,229,214,97.1,98.52,15
K2Li1Al1F6,51.0,3,19,16,10.8,3.72,9,1,93,92,63.8,36.88,93,6.941,39.0983,32.1573,22.61095578,7.469054252,18.9984032,53.5,933.47,879.97,238.122,221.5464,53.5,1,17,16,11.8,6.48,17,2,4,2,2.5,0.7,2,57,203,146,99.7,51.24,57,0.82,3.98,3.16,2.811,1.4028,3.98,1,2,1,1.7,0.42,2,0,5,5,3.1,2.28,5,0,0,0,0.0,0.0,0,0,0,0,0.0,0.0,0,1,7,6,4.8,2.64,7,0,1,1,0.3,0.42,0,0,5,5,1.1,0.78,1,0,0,0,0.0,0.0,0,0,0,0,0.0,0.0,0,1,5,4,1.4,0.72,1,9.7075,73.1066666667,63.3991666667,23.75316666667,19.741400000012,9.7075,0,1.97,1.97,1.182,0.9456,1.97,0,0.0,0.0,0.0,0.0,0,15,229,214,100.2,102.24,15
K2Na1Al1F6,52.0,9,19,10,11.6,3.24,9,2,93,91,63.9,36.74,93,18.9984032,39.0983,20.0998968,24.215832708,6.5061280952,18.9984032,53.5,933.47,879.97,229.84,211.608,53.5,1,17,16,11.8,6.48,17,2,4,2,2.6,0.72,2,57,203,146,103.5,55.8,57,0.82,3.98,3.16,2.806,1.4088,3.98,1,2,1,1.7,0.42,2,0,5,5,3.1,2.28,5,0,0,0,0.0,0.0,0,0,0,0,0.0,0.0,0,1,7,6,4.8,2.64,7,0,1,1,0.3,0.42,0,0,5,5,1.1,0.78,1,0,0,0,0.0,0.0,0,0,0,0,0.0,0.0,0,1,5,4,1.4,0.72,1,9.7075,73.1066666667,63.3991666667,25.01816666667,20.080433333338,9.7075,0,1.97,1.97,1.182,0.9456,1.97,0,0.0,0.0,0.0,0.0,0,15,229,214,100.2,102.24,15
K1Rb2Ti1F6,30.0,9,37,28,16.9,9.48,9,3,93,90,61.2,38.16,93,18.9984032,85.4678,66.4693968,37.18913192,21.828874464,18.9984032,53.5,1941.0,1887.5,322.345,326.568,53.5,1,17,16,10.9,7.32,17,2,5,3,3.0,1.2,2,57,220,163,114.5,69.0,57,0.82,3.98,3.16,2.788,1.4304,3.98,1,2,1,1.7,0.42,2,0,5,5,3.0,2.4,5,0,2,2,0.2,0.36,0,0,0,0,0.0,0.0,0,1,7,6,4.9,2.52,7,0,1,1,0.3,0.42,0,0,1,1,0.6,0.48,1,0,8,8,0.8,1.44,0,0,0,0,0.0,0.0,0,1,8,7,1.7,1.26,1,9.7075,90.7225,81.015,32.94866666667,31.141133333338,9.7075,0,1.97,1.97,1.182,0.9456,1.97,0,2.25333333333e-05,2.25333333333e-05,2.25333333333e-06,4.055999999994e-06,0,15,229,214,97.1,98.52,15
Rb2Na1Cr1F6,36.0,9,37,28,16.3,9.82,9,2,93,91,61.7,37.56,93,18.9984032,85.4678,66.4693968,35.991188848,22.9916266912,18.9984032,53.5,2180.0,2126.5,349.679,370.3024,53.5,1,17,16,11.1,7.08,17,2,5,3,2.9,1.08,2,57,220,163,108.7,62.04,57,0.82,3.98,3.16,2.811,1.4028,3.98,1,2,1,1.6,0.48,2,0,5,5,3.0,2.4,5,0,5,5,0.5,0.9,0,0,0,0,0.0,0.0,0,1,7,6,5.1,2.46,7,0,1,1,0.4,0.48,0,0,1,1,0.6,0.48,1,0,5,5,0.5,0.9,0,0,0,0,0.0,0.0,0,1,6,5,1.5,0.9,1,9.7075,90.7225,81.015,28.01233333333,25.330266666662,9.7075,0,1.97,1.97,1.182,0.9456,1.97,0,0.0,0.0,0.0,0.0,0,15,229,214,100.6,102.72,15
Cs2K1Cr1F6,25.0,9,55,46,20.7,14.38,9,3,93,90,62.0,37.2,93,18.9984032,132.9054519,113.9070487,47.0895723,35.30765738,18.9984032,53.5,2180.0,2126.5,344.071,367.1858,53.5,1,17,16,11.1,7.08,17,2,6,4,3.2,1.44,2,57,244,187,117.2,72.24,57,0.79,3.98,3.19,2.794,1.4232,3.98,1,2,1,1.6,0.48,2,0,5,5,3.0,2.4,5,0,5,5,0.5,0.9,0,0,0,0,0.0,0.0,0,1,7,6,5.1,2.46,7,0,1,1,0.4,0.48,0,0,1,1,0.6,0.48,1,0,5,5,0.5,0.9,0,0,0,0,0.0,0.0,0,1,6,5,1.5,0.9,1,9.7075,115.765,106.0575,37.40716666667,38.483033333338,9.7075,0,1.97,1.97,1.182,0.9456,1.97,0,0.0,0.0,0.0,0.0,0,15,229,214,100.6,102.72,15
Rb2Na1V1F6,52.0,9,37,28,16.2,9.68,9,2,93,91,61.4,37.92,93,18.9984032,85.4678,66.4693968,35.885728848,22.8439826912,18.9984032,53.5,2183.0,2129.5,349.979,370.7824,53.5,1,17,16,11.0,7.2,17,2,5,3,2.9,1.08,2,57,220,163,110.1,63.72,57,0.82,3.98,3.16,2.808,1.4064,3.98,1,2,1,1.7,0.42,2,0,5,5,3.0,2.4,5,0,3,3,0.3,0.54,0,0,0,0,0.0,0.0,0,1,7,6,5.0,2.4,7,0,1,1,0.3,0.42,0,0,1,1,0.6,0.48,1,0,7,7,0.7,1.26,0,0,0,0,0.0,0.0,0,1,7,6,1.6,1.08,1,9.7075,90.7225,81.015,28.19433333333,25.221066666662,9.7075,0,1.97,1.97,1.182,0.9456,1.97,0,0.0,0.0,0.0,0.0,0,15,229,214,100.6,102.72,15
K1Rb2Ga1F6,15.0,9,37,28,17.8,10.56,9,3,93,90,64.3,36.38,93,18.9984032,85.4678,66.4693968,39.37473192,24.506880848,18.9984032,53.5,336.53,283.03,158.536,126.0432,53.5,1,17,16,11.8,6.48,17,2,5,3,3.0,1.2,2,57,220,163,110.7,64.44,57,0.82,3.98,3.16,2.815,1.398,3.98,1,2,1,1.7,0.42,2,0,5,5,3.1,2.28,5,0,10,10,1.0,1.8,0,0,0,0,0.0,0.0,0,1,13,12,5.8,2.88,7,0,1,1,0.3,0.42,0,0,5,5,1.1,0.78,1,0,0,0,0.0,0.0,0,0,0,0,0.0,0.0,0,1,5,4,1.4,0.72,1,9.7075,90.7225,81.015,33.16541666667,31.011083333338,9.7075,0,1.97,1.97,1.182,0.9456,1.97,0,0.0,0.0,0.0,0.0,0,15,229,214,84.1,86.94,15
Cs2K1Mo1F6,74.0,9,55,46,22.5,16.9,9,3,93,90,62.1,37.08,93,18.9984032,132.9054519,113.9070487,51.4859623,41.46260338,18.9984032,53.5,2896.0,2842.5,415.671,496.0658,53.5,1,17,16,11.1,7.08,17,2,6,4,3.3,1.56,2,57,244,187,118.7,74.04,57,0.79,3.98,3.19,2.844,1.3632,3.98,1,2,1,1.6,0.48,2,0,5,5,3.0,2.4,5,0,5,5,0.5,0.9,0,0,0,0,0.0,0.0,0,1,7,6,5.1,2.46,7,0,1,1,0.4,0.48,0,0,1,1,0.6,0.48,1,0,5,5,0.5,0.9,0,0,0,0,0.0,0.0,0,1,6,5,1.5,0.9,1,9.7075,115.765,106.0575,37.85716666667,38.213033333338,9.7075,0,1.97,1.97,1.182,0.9456,1.97,0,0.0,0.0,0.0,0.0,0,15,229,214,100.6,102.72,15
Rb2Na1Mo1F6,37.0,9,42,33,18.1,12.34,9,2,93,91,61.8,37.44,93,18.9984032,95.96,76.9615968,40.387578848,29.1465726912,18.9984032,53.5,2896.0,2842.5,421.279,494.9442,53.5,1,17,16,11.1,7.08,17,2,5,3,3.0,1.2,2,57,220,163,110.2,63.84,57,0.82,3.98,3.16,2.861,1.3428,3.98,1,2,1,1.6,0.48,2,0,5,5,3.0,2.4,5,0,5,5,0.5,0.9,0,0,0,0,0.0,0.0,0,1,7,6,5.1,2.46,7,0,1,1,0.4,0.48,0,0,1,1,0.6,0.48,1,0,5,5,0.5,0.9,0,0,0,0,0.0,0.0,0,1,6,5,1.5,0.9,1,9.7075,90.7225,81.015,28.46233333333,25.060266666662,9.7075,0,1.97,1.97,1.182,0.9456,1.97,0,0.0,0.0,0.0,0.0,0,15,229,214,100.6,102.72,15
K2Na1Mo1F6,81.0,9,42,33,14.5,7.3,9,2,93,91,61.6,37.68,93,18.9984032,95.96,76.9615968,31.113678848,16.1631126912,18.9984032,53.5,2896.0,2842.5,426.093,493.9814,53.5,1,17,16,11.1,7.08,17,2,5,3,2.8,0.96,2,57,203,146,106.8,59.76,57,0.82,3.98,3.16,2.861,1.3428,3.98,1,2,1,1.6,0.48,2,0,5,5,3.0,2.4,5,0,5,5,0.5,0.9,0,0,0,0,0.0,0.0,0,1,7,6,5.1,2.46,7,0,1,1,0.4,0.48,0,0,1,1,0.6,0.48,1,0,5,5,0.5,0.9,0,0,0,0,0.0,0.0,0,1,6,5,1.5,0.9,1,9.7075,73.1066666667,63.3991666667,24.93916666667,20.127833333338,9.7075,0,1.97,1.97,1.182,0.9456,1.97,0,0.0,0.0,0.0,0.0,0,15,229,214,100.6,102.72,15
Rb2Na1In1F6,52.0,9,49,40,18.8,13.32,9,2,93,91,64.3,36.58,93,18.9984032,114.818,95.8195968,42.273378848,31.7866926912,18.9984032,53.5,429.75,376.25,174.654,145.3848,53.5,1,17,16,11.8,6.48,17,2,5,3,3.0,1.2,2,57,220,163,109.0,62.4,57,0.82,3.98,3.16,2.823,1.3884,3.98,1,2,1,1.7,0.42,2,0,5,5,3.1,2.28,5,0,10,10,1.0,1.8,0,0,0,0,0.0,0.0,0,1,13,12,5.8,2.88,7,0,1,1,0.3,0.42,0,0,5,5,1.1,0.78,1,0,0,0,0.0,0.0,0,0,0,0,0.0,0.0,0,1,5,4,1.4,0.72,1,9.7075,90.7225,81.015,29.31933333333,24.561266666668,9.7075,0,1.97,1.97,1.182,0.9456,1.97,0,0.0,0.0,0.0,0.0,0,15,229,214,91.6,91.92,15
K2Na1Fe1F6,99.0,9,26,17,12.9,5.06,9,2,93,91,62.1,37.08,93,18.9984032,55.845,36.8465968,27.102178848,10.5470126912,18.9984032,53.5,1811.0,1757.5,317.593,316.9116,53.5,1,17,16,11.3,6.84,17,2,4,2,2.7,0.84,2,57,203,146,104.6,57.12,57,0.82,3.98,3.16,2.828,1.3824,3.98,1,2,1,1.7,0.42,2,0,5,5,3.0,2.4,5,0,6,6,0.6,1.08,0,0,0,0,0.0,0.0,0,1,8,7,5.3,2.58,7,0,1,1,0.3,0.42,0,0,1,1,0.6,0.48,1,0,4,4,0.4,0.72,0,0,0,0,0.0,0.0,0,1,4,3,1.3,0.54,1,9.7075,73.1066666667,63.3991666667,24.44316666667,20.425433333338,9.7075,0,1.97,1.97,1.182,0.9456,1.97,0,2.1106628,2.1106628,0.21106628,0.379919304,0,15,229,214,100.6,102.72,15
Rb2Na1Fe1F6,57.0,9,37,28,16.5,10.1,9,2,93,91,62.3,36.84,93,18.9984032,85.4678,66.4693968,36.376078848,23.5304726912,18.9984032,53.5,1811.0,1757.5,312.779,311.2624,53.5,1,17,16,11.3,6.84,17,2,5,3,2.9,1.08,2,57,220,163,108.0,61.2,57,0.82,3.98,3.16,2.828,1.3824,3.98,1,2,1,1.7,0.42,2,0,5,5,3.0,2.4,5,0,6,6,0.6,1.08,0,0,0,0,0.0,0.0,0,1,8,7,5.3,2.58,7,0,1,1,0.3,0.42,0,0,1,1,0.6,0.48,1,0,4,4,0.4,0.72,0,0,0,0,0.0,0.0,0,1,4,3,1.3,0.54,1,9.7075,90.7225,81.015,27.96633333333,25.357866666662,9.7075,0,1.97,1.97,1.182,0.9456,1.97,0,2.1106628,2.1106628,0.21106628,0.379919304,0,15,229,214,100.6,102.72,15
K2Na1In1F6,104.0,9,49,40,15.2,8.28,9,2,93,91,64.1,36.86,93,18.9984032,114.818,95.8195968,32.999478848,18.8032326912,18.9984032,53.5,429.75,376.25,179.468,151.1616,53.5,1,17,16,11.8,6.48,17,2,5,3,2.8,0.96,2,57,203,146,105.6,58.32,57,0.82,3.98,3.16,2.823,1.3884,3.98,1,2,1,1.7,0.42,2,0,5,5,3.1,2.28,5,0,10,10,1.0,1.8,0,0,0,0,0.0,0.0,0,1,13,12,5.8,2.88,7,0,1,1,0.3,0.42,0,0,5,5,1.1,0.78,1,0,0,0,0.0,0.0,0,0,0,0,0.0,0.0,0,1,5,4,1.4,0.72,1,9.7075,73.1066666667,63.3991666667,25.79616666667,19.613633333338,9.7075,0,1.97,1.97,1.182,0.9456,1.97,0,0.0,0.0,0.0,0.0,0,15,229,214,91.6,91.92,15
Cs2Rb1In1F6,57.0,9,55,46,25.0,19.2,9,4,93,89,64.7,36.02,93,18.9984032,132.9054519,113.9070487,58.0087123,46.81237092,18.9984032,53.5,429.75,376.25,166.639,135.7668,53.5,1,17,16,11.8,6.48,17,2,6,4,3.4,1.68,2,57,244,187,119.2,74.64,57,0.79,3.98,3.19,2.806,1.4088,3.98,1,2,1,1.7,0.42,2,0,5,5,3.1,2.28,5,0,10,10,1.0,1.8,0,0,0,0,0.0,0.0,0,1,13,12,5.8,2.88,7,0,1,1,0.3,0.42,0,0,5,5,1.1,0.78,1,0,0,0,0.0,0.0,0,0,0,0,0.0,0.0,0,1,5,4,1.4,0.72,1,9.7075,115.765,106.0575,40.47575,40.16505,9.7075,0,1.97,1.97,1.182,0.9456,1.97,0,0.0,0.0,0.0,0.0,0,15,229,214,91.6,91.92,15
K1Rb2Fe1F6,49.0,9,37,28,17.3,9.96,9,3,93,90,62.4,36.72,93,18.9984032,85.4678,66.4693968,37.98693192,22.786234464,18.9984032,53.5,1811.0,1757.5,309.345,307.014,53.5,1,17,16,11.3,6.84,17,2,5,3,3.0,1.2,2,57,220,163,111.7,65.64,57,0.82,3.98,3.16,2.817,1.3956,3.98,1,2,1,1.7,0.42,2,0,5,5,3.0,2.4,5,0,6,6,0.6,1.08,0,0,0,0,0.0,0.0,0,1,8,7,5.3,2.58,7,0,1,1,0.3,0.42,0,0,1,1,0.6,0.48,1,0,4,4,0.4,0.72,0,0,0,0,0.0,0.0,0,1,4,3,1.3,0.54,1,9.7075,90.7225,81.015,32.35266666667,31.498733333338,9.7075,0,1.97,1.97,1.182,0.9456,1.97,0,2.1106628,2.1106628,0.21106628,0.379919304,0,15,229,214,100.6,102.72,15
K3Mo1F6,32.0,9,42,33,15.3,7.56,9,3,93,90,61.7,37.56,93,18.9984032,95.96,76.9615968,32.72453192,16.471354464,18.9984032,53.5,2896.0,2842.5,422.659,494.6682,53.5,1,17,16,11.1,7.08,17,2,5,3,2.9,1.08,2,57,203,146,110.5,64.2,57,0.82,3.98,3.16,2.85,1.356,3.98,1,2,1,1.6,0.48,2,0,5,5,3.0,2.4,5,0,5,5,0.5,0.9,0,0,0,0,0.0,0.0,0,1,7,6,5.1,2.46,7,0,1,1,0.4,0.48,0,0,1,1,0.6,0.48,1,0,5,5,0.5,0.9,0,0,0,0,0.0,0.0,0,1,6,5,1.5,0.9,1,9.7075,73.1066666667,63.3991666667,29.32550000001,26.268700000014,9.7075,0,1.97,1.97,1.182,0.9456,1.97,0,0.0,0.0,0.0,0.0,0,15,229,214,100.6,102.72,15
Rb2Na1Bi1F6,33.0,9,83,74,22.2,18.08,9,2,93,91,65.4,37.24,93,18.9984032,208.9804,189.9819968,51.689618848,44.9694286912,18.9984032,53.5,544.4,490.9,186.119,159.1428,53.5,1,17,16,12.0,6.6,17,2,6,4,3.1,1.34,2,57,220,163,109.6,63.12,57,0.82,3.98,3.16,2.847,1.3596,3.98,1,2,1,1.7,0.42,2,0,5,5,3.3,2.04,5,0,10,10,1.0,1.8,0,0,14,14,1.4,2.52,0,1,29,28,7.4,4.32,7,0,1,1,0.3,0.42,0,0,3,3,0.9,0.54,1,0,0,0,0.0,0.0,0,0,0,0,0.0,0.0,0,1,3,2,1.2,0.36,1,9.7075,90.7225,81.015,30.18833333333,24.766000000002,9.7075,0,1.97,1.97,1.182,0.9456,1.97,0,0.0,0.0,0.0,0.0,0,12,229,217,78.9,90.06,15
Rb2Na1Sb1F6,44.0,9,51,42,19.0,13.6,9,2,93,91,65.3,37.18,93,18.9984032,121.76,102.7615968,42.967578848,32.7585726912,18.9984032,53.5,903.78,850.28,222.057,202.2684,53.5,1,17,16,12.0,6.6,17,2,5,3,3.0,1.2,2,57,220,163,108.7,62.04,57,0.82,3.98,3.16,2.85,1.356,3.98,1,2,1,1.7,0.42,2,0,5,5,3.3,2.04,5,0,10,10,1.0,1.8,0,0,0,0,0.0,0.0,0,1,15,14,6.0,3.0,7,0,1,1,0.3,0.42,0,0,3,3,0.9,0.54,1,0,0,0,0.0,0.0,0,0,0,0,0.0,0.0,0,1,3,2,1.2,0.36,1,9.7075,90.7225,81.015,30.04933333333,24.571400000002,9.7075,0,1.97,1.97,1.182,0.9456,1.97,0,0.0,0.0,0.0,0.0,0,15,229,214,94.3,95.16,15
Cs2Tl1V1F6,79.0,9,81,72,26.8,22.12,9,5,93,88,69.0,30.2,93,18.9984032,204.3833,185.3848968,63.5126123,55.93127338,18.9984032,53.5,2183.0,2129.5,368.418,404.6328,53.5,1,17,16,12.2,5.92,17,2,6,4,3.4,1.68,2,57,244,187,112.8,66.96,57,0.79,3.98,3.19,2.871,1.3308,3.98,1,2,1,1.8,0.32,2,0,5,5,3.1,2.28,5,0,10,10,1.3,2.08,0,0,14,14,1.4,2.52,0,1,27,26,7.6,3.88,7,0,1,1,0.2,0.32,0,0,5,5,1.1,0.78,1,0,7,7,0.7,1.26,0,0,0,0,0.0,0.0,0,1,7,6,2.0,1.6,1,9.7075,115.765,106.0575,32.9695,33.1182,9.7075,0,1.97,1.97,1.182,0.9456,1.97,0,0.0,0.0,0.0,0.0,0,15,229,214,97.1,98.52,15
Rb2In1Ga1F6,41.0,9,49,40,20.8,14.16,9,4,93,89,71.5,27.0,93,18.9984032,114.818,95.8195968,46.94670192,33.537958464,18.9984032,53.5,429.75,376.25,167.858,137.2296,53.5,1,17,16,13.0,4.8,17,2,5,3,3.1,1.32,2,57,220,163,104.6,57.12,57,0.82,3.98,3.16,2.911,1.2828,3.98,1,2,1,1.8,0.32,2,0,5,5,3.2,2.16,5,0,10,10,2.0,3.2,0,0,0,0,0.0,0.0,0,1,13,12,7.0,2.4,7,0,1,1,0.2,0.32,0,0,5,5,1.6,1.36,1,0,0,0,0.0,0.0,0,0,0,0,0.0,0.0,0,1,5,4,1.8,1.28,1,9.7075,90.7225,81.015,28.28075,24.9767,9.7075,0,1.97,1.97,1.182,0.9456,1.97,0,0.0,0.0,0.0,0.0,0,15,229,214,75.1,74.34,15
Rb2Na1As1F6,8.0,9,37,28,17.2,11.08,9,2,93,91,65.2,37.12,93,18.9984032,85.4678,66.4693968,38.283738848,26.2011966912,18.9984032,53.5,1090.0,1036.5,240.679,224.6148,53.5,1,17,16,12.0,6.6,17,2,5,3,2.9,1.08,2,57,220,163,106.7,59.64,57,0.82,3.98,3.16,2.863,1.3404,3.98,1,2,1,1.7,0.42,2,0,5,5,3.3,2.04,5,0,10,10,1.0,1.8,0,0,0,0,0.0,0.0,0,1,15,14,6.0,3.0,7,0,1,1,0.3,0.42,0,0,3,3,0.9,0.54,1,0,0,0,0.0,0.0,0,0,0,0,0.0,0.0,0,1,3,2,1.2,0.36,1,9.7075,90.7225,81.015,29.11083333333,24.671166666662,9.7075,0,1.97,1.97,1.182,0.9456,1.97,0,0.0,0.0,0.0,0.0,0,15,229,214,94.3,95.16,15
Cs2Tl1In1F6,28.0,9,81,72,29.4,24.48,9,5,93,88,71.9,26.76,93,18.9984032,204.3833,185.3848968,69.9002623,61.08223092,18.9984032,53.5,577.0,523.5,193.093,167.5116,53.5,1,17,16,13.0,4.8,17,2,6,4,3.5,1.8,2,57,244,187,111.7,65.64,57,0.79,3.98,3.19,2.886,1.3128,3.98,1,2,1,1.8,0.32,2,0,5,5,3.2,2.16,5,0,10,10,2.0,3.2,0,0,14,14,1.4,2.52,0,1,27,26,8.4,4.64,7,0,1,1,0.2,0.32,0,0,5,5,1.6,1.36,1,0,0,0,0.0,0.0,0,0,0,0,0.0,0.0,0,1,5,4,1.8,1.28,1,9.7075,115.765,106.0575,34.0945,32.6682,9.7075,0,1.97,1.97,1.182,0.9456,1.97,0,0.0,0.0,0.0,0.0,0,15,229,214,88.1,87.72,15
Rb2Tl1In1F6,7.0,9,81,72,25.8,20.16,9,4,93,89,71.7,27.08,93,18.9984032,204.3833,185.3848968,60.41273192,49.697194464,18.9984032,53.5,577.0,523.5,195.267,170.1204,53.5,1,17,16,13.0,4.8,17,2,6,4,3.3,1.56,2,57,220,163,106.9,59.88,57,0.82,3.98,3.16,2.892,1.3056,3.98,1,2,1,1.8,0.32,2,0,5,5,3.2,2.16,5,0,10,10,2.0,3.2,0,0,14,14,1.4,2.52,0,1,27,26,8.4,4.64,7,0,1,1,0.2,0.32,0,0,5,5,1.6,1.36,1,0,0,0,0.0,0.0,0,0,0,0,0.0,0.0,0,1,5,4,1.8,1.28,1,9.7075,90.7225,81.015,29.086,24.6546,9.7075,0,1.97,1.97,1.182,0.9456,1.97,0,0.0,0.0,0.0,0.0,0,15,229,214,88.1,87.72,15
Rb2Na1Tl1F6,26.0,9,81,72,22.0,17.8,9,2,93,91,64.4,36.64,93,18.9984032,204.3833,185.3848968,51.229908848,44.3258346912,18.9984032,53.5,577.0,523.5,189.379,163.0548,53.5,1,17,16,11.8,6.48,17,2,6,4,3.1,1.34,2,57,220,163,109.3,62.76,57,0.82,3.98,3.16,2.807,1.4076,3.98,1,2,1,1.7,0.42,2,0,5,5,3.1,2.28,5,0,10,10,1.0,1.8,0,0,14,14,1.4,2.52,0,1,27,26,7.2,3.96,7,0,1,1,0.3,0.42,0,0,5,5,1.1,0.78,1,0,0,0,0.0,0.0,0,0,0,0,0.0,0.0,0,1,5,4,1.4,0.72,1,9.7075,90.7225,81.015,29.58433333333,24.455266666668,9.7075,0,1.97,1.97,1.182,0.9456,1.97,0,0.0,0.0,0.0,0.0,0,15,229,214,97.1,98.52,15
Cs2Li1Tl1F6,29.0,3,81,78,24.8,23.32,9,1,93,92,64.5,36.5,93,6.941,204.3833,197.4423,59.1125623,58.57130338,18.9984032,53.5,577.0,523.5,195.487,170.3844,53.5,1,17,16,11.8,6.48,17,2,6,4,3.2,1.68,2,57,244,187,110.3,63.96,57,0.79,3.98,3.19,2.806,1.4088,3.98,1,2,1,1.7,0.42,2,0,5,5,3.1,2.28,5,0,10,10,1.0,1.8,0,0,14,14,1.4,2.52,0,1,27,26,7.2,3.96,7,0,1,1,0.3,0.42,0,0,5,5,1.1,0.78,1,0,0,0,0.0,0.0,0,0,0,0,0.0,0.0,0,1,5,4,1.4,0.72,1,9.7075,115.765,106.0575,33.32783333333,32.974866666668,9.7075,0,1.97,1.97,1.182,0.9456,1.97,0,0.0,0.0,0.0,0.0,0,15,229,214,97.1,98.52,15
K2Na1Tl1F6,35.0,9,81,72,18.4,12.76,9,2,93,91,64.2,36.92,93,18.9984032,204.3833,185.3848968,41.956008848,32.4854582304,18.9984032,53.5,577.0,523.5,194.193,168.8316,53.5,1,17,16,11.8,6.48,17,2,6,4,2.9,1.08,2,57,203,146,105.9,58.68,57,0.82,3.98,3.16,2.807,1.4076,3.98,1,2,1,1.7,0.42,2,0,5,5,3.1,2.28,5,0,10,10,1.0,1.8,0,0,14,14,1.4,2.52,0,1,27,26,7.2,3.96,7,0,1,1,0.3,0.42,0,0,5,5,1.1,0.78,1,0,0,0,0.0,0.0,0,0,0,0,0.0,0.0,0,1,5,4,1.4,0.72,1,9.7075,73.1066666667,63.3991666667,26.06116666667,19.624400000004,9.7075,0,1.97,1.97,1.182,0.9456,1.97,0,0.0,0.0,0.0,0.0,0,15,229,214,97.1,98.52,15
Cs2In1Bi1F6,28.0,9,83,74,29.6,24.72,9,5,93,88,72.9,27.16,93,18.9984032,208.9804,189.9819968,70.3599723,61.63388292,18.9984032,53.5,544.4,490.9,189.833,163.5996,53.5,1,17,16,13.2,4.92,17,2,6,4,3.5,1.8,2,57,244,187,112.0,66.0,57,0.79,3.98,3.19,2.926,1.2648,3.98,1,2,1,1.8,0.32,2,0,5,5,3.4,1.92,5,0,10,10,2.0,3.2,0,0,14,14,1.4,2.52,0,1,29,28,8.6,4.96,7,0,1,1,0.2,0.32,0,0,5,5,1.4,1.04,1,0,0,0,0.0,0.0,0,0,0,0,0.0,0.0,0,1,5,4,1.6,0.96,1,9.7075,115.765,106.0575,34.6985,32.4266,9.7075,0,1.97,1.97,1.182,0.9456,1.97,0,0.0,0.0,0.0,0.0,0,12,229,217,69.9,77.46,15
Rb2Na1Rh1F6,68.0,9,45,36,18.4,12.76,9,2,93,91,62.7,36.36,93,18.9984032,102.9055,83.9070968,41.082128848,30.1189426912,18.9984032,53.5,2237.0,2183.5,355.379,379.4224,53.5,1,17,16,11.4,6.72,17,2,5,3,3.0,1.2,2,57,220,163,109.0,62.4,57,0.82,3.98,3.16,2.873,1.3284,3.98,1,2,1,1.6,0.48,2,0,5,5,3.0,2.4,5,0,8,8,0.8,1.44,0,0,0,0,0.0,0.0,0,1,9,8,5.4,2.64,7,0,1,1,0.4,0.48,0,0,1,1,0.6,0.48,1,0,2,2,0.2,0.36,0,0,0,0,0.0,0.0,0,1,3,2,1.2,0.36,1,9.7075,90.7225,81.015,28.25733333333,25.183266666662,9.7075,0,1.97,1.97,1.182,0.9456,1.97,0,0.0,0.0,0.0,0.0,0,15,229,214,100.2,102.24,15
K2Na1Rh1F6,54.0,9,45,36,14.8,7.72,9,2,93,91,62.5,36.6,93,18.9984032,102.9055,83.9070968,31.808228848,17.1354826912,18.9984032,53.5,2237.0,2183.5,360.193,377.4968,53.5,1,17,16,11.4,6.72,17,2,5,3,2.8,0.96,2,57,203,146,105.6,58.32,57,0.82,3.98,3.16,2.873,1.3284,3.98,1,2,1,1.6,0.48,2,0,5,5,3.0,2.4,5,0,8,8,0.8,1.44,0,0,0,0,0.0,0.0,0,1,9,8,5.4,2.64,7,0,1,1,0.4,0.48,0,0,1,1,0.6,0.48,1,0,2,2,0.2,0.36,0,0,0,0,0.0,0.0,0,1,3,2,1.2,0.36,1,9.7075,73.1066666667,63.3991666667,24.73416666667,20.250833333338,9.7075,0,1.97,1.97,1.182,0.9456,1.97,0,0.0,0.0,0.0,0.0,0,15,229,214,100.2,102.24,15
Rb2Na1Ni1F6,41.0,9,37,28,16.7,10.38,9,2,93,91,62.9,36.12,93,18.9984032,85.4678,66.4693968,36.660918848,23.9292486912,18.9984032,53.5,1728.0,1674.5,304.479,301.1748,53.5,1,17,16,11.5,6.6,17,2,5,3,2.9,1.08,2,57,220,163,107.2,60.24,57,0.82,3.98,3.16,2.836,1.3728,3.98,1,2,1,1.7,0.42,2,0,5,5,3.0,2.4,5,0,8,8,0.8,1.44,0,0,0,0,0.0,0.0,0,1,10,9,5.5,2.7,7,0,1,1,0.3,0.42,0,0,1,1,0.6,0.48,1,0,2,2,0.2,0.36,0,0,0,0,0.0,0.0,0,1,2,1,1.1,0.18,1,9.7075,90.7225,81.015,27.92533333333,25.382466666662,9.7075,0,1.97,1.97,1.182,0.9456,1.97,0,0.5953947,0.5953947,0.05953947,0.107171046,0,15,229,214,100.2,102.24,15
K1Rb2Ni1F6,35.0,9,37,28,17.5,10.2,9,3,93,90,63.0,36.0,93,18.9984032,85.4678,66.4693968,38.27177192,23.128042464,18.9984032,53.5,1728.0,1674.5,301.045,297.054,53.5,1,17,16,11.5,6.6,17,2,5,3,3.0,1.2,2,57,220,163,110.9,64.68,57,0.82,3.98,3.16,2.825,1.386,3.98,1,2,1,1.7,0.42,2,0,5,5,3.0,2.4,5,0,8,8,0.8,1.44,0,0,0,0,0.0,0.0,0,1,10,9,5.5,2.7,7,0,1,1,0.3,0.42,0,0,1,1,0.6,0.48,1,0,2,2,0.2,0.36,0,0,0,0,0.0,0.0,0,1,2,1,1.1,0.18,1,9.7075,90.7225,81.015,32.31166666667,31.523333333338,9.7075,0,1.97,1.97,1.182,0.9456,1.97,0,0.5953947,0.5953947,0.05953947,0.107171046,0,15,229,214,100.2,102.24,15
Cs2Li1Lu1Cl6,20.0,3,71,68,28.6,19.04,17,1,94,93,61.6,38.88,94,6.941,174.9668,168.0258,66.04367038,48.529338532,35.453,171.6,1936.0,1764.4,402.247,317.0392,171.6,1,17,16,10.8,7.44,17,2,6,4,3.8,1.32,3,102,244,142,141.5,50.1,102,0.79,3.16,2.37,2.279,1.0572,3.16,1,2,1,1.7,0.42,2,0,5,5,3.0,2.4,5,0,1,1,0.1,0.18,0,0,14,14,1.4,2.52,0,1,17,16,6.2,3.12,7,0,1,1,0.3,0.42,0,0,1,1,0.6,0.48,1,0,9,9,0.9,1.62,0,0,0,0,0.0,0.0,0,1,9,8,1.8,1.44,1,16.5933333333,115.765,99.1716666667,42.39733333333,29.347066666668,24.4975,0,2.493,2.493,1.4958,1.19664,2.493,0,0.0022471,0.0022471,0.00022471,0.000404478,0,64,229,165,126.5,75.0,64
Cs2Li1Y1Cl6,19.0,3,55,52,25.4,14.56,17,1,94,93,58.7,42.36,94,6.941,132.9054519,125.9644519,57.43757538,36.480805532,35.453,171.6,1799.0,1627.4,388.547,295.1192,171.6,1,17,16,10.8,7.44,17,2,6,4,3.7,1.18,3,102,244,142,141.8,50.52,102,0.79,3.16,2.37,2.274,1.0632,3.16,1,2,1,1.7,0.42,2,0,5,5,3.0,2.4,5,0,1,1,0.1,0.18,0,0,0,0,0.0,0.0,0,1,7,6,4.8,2.64,7,0,1,1,0.3,0.42,0,0,1,1,0.6,0.48,1,0,9,9,0.9,1.62,0,0,0,0,0.0,0.0,0,1,9,8,1.8,1.44,1,16.5933333333,115.765,99.1716666667,42.74733333333,29.207066666668,24.4975,0,2.493,2.493,1.4958,1.19664,2.493,0,0.0,0.0,0.0,0.0,0,64,229,165,126.5,75.0,64
Cs2K1Sc1Cl6,4.0,17,55,38,25.2,11.92,17,3,94,91,58.8,42.24,94,35.453,132.9054519,97.4524519,56.25831158,30.658856128,35.453,171.6,1814.0,1642.4,378.331,287.1338,171.6,1,17,16,10.8,7.44,17,3,6,3,3.8,0.96,3,102,244,142,147.3,54.36,102,0.79,3.16,2.37,2.272,1.0656,3.16,1,2,1,1.7,0.42,2,0,5,5,3.0,2.4,5,0,1,1,0.1,0.18,0,0,0,0,0.0,0.0,0,1,7,6,4.8,2.64,7,0,1,1,0.3,0.42,0,0,1,1,0.6,0.48,1,0,9,9,0.9,1.62,0,0,0,0,0.0,0.0,0,1,9,8,1.8,1.44,1,22.235,115.765,93.53,47.38566666667,32.495933333338,24.4975,0,2.493,2.493,1.4958,1.19664,2.493,0,6.35e-06,6.35e-06,6.35e-07,1.143e-06,0,64,229,165,126.5,75.0,64
K1Rb2In1Cl6,12.0,17,49,32,24.4,9.96,17,3,94,91,65.0,36.8,94,35.453,114.818,79.365,53.75699,24.896526,35.453,171.6,429.75,258.15,242.08,84.576,171.6,1,17,16,11.8,6.48,17,3,5,2,3.7,0.84,3,102,220,118,139.7,45.24,102,0.82,3.16,2.34,2.32,1.008,3.16,1,2,1,1.7,0.42,2,0,5,5,3.1,2.28,5,0,10,10,1.0,1.8,0,0,0,0,0.0,0.0,0,1,13,12,5.8,2.88,7,0,1,1,0.3,0.42,0,0,5,5,1.1,0.78,1,0,0,0,0.0,0.0,0,0,0,0,0.0,0.0,0,1,5,4,1.4,0.72,1,24.26,90.7225,66.4625,42.57966666667,25.362533333338,24.4975,0,2.493,2.493,1.4958,1.19664,2.493,0,0.0,0.0,0.0,0.0,0,64,229,165,121.0,68.4,64
Rb2Li1In1Cl6,49.0,3,49,46,22.8,10.92,17,1,94,93,64.8,37.08,94,6.941,114.818,107.877,50.54126,26.825964,35.453,171.6,453.69,282.09,253.796,98.6352,171.6,1,17,16,11.8,6.48,17,2,5,3,3.5,0.9,3,102,220,118,132.2,37.08,102,0.82,3.16,2.34,2.336,0.9888,3.16,1,2,1,1.7,0.42,2,0,5,5,3.1,2.28,5,0,10,10,1.0,1.8,0,0,0,0,0.0,0.0,0,1,13,12,5.8,2.88,7,0,1,1,0.3,0.42,0,0,5,5,1.1,0.78,1,0,0,0,0.0,0.0,0,0,0,0,0.0,0.0,0,1,5,4,1.4,0.72,1,16.5933333333,90.7225,74.1291666667,36.92833333333,21.517666666668,24.4975,0,2.493,2.493,1.4958,1.19664,2.493,0,0.0,0.0,0.0,0.0,0,64,229,165,121.0,68.4,64
Cs2Na1Sb1Cl6,20.0,11,55,44,27.4,15.76,17,2,94,92,66.1,37.26,94,22.98976928,132.9054519,109.91568262,62.327867308,40.1174603752,35.453,171.6,903.78,732.18,290.743,142.9716,171.6,1,17,16,12.0,6.6,17,3,6,3,3.8,1.12,3,102,244,142,140.5,46.5,102,0.79,3.16,2.37,2.352,0.9696,3.16,1,2,1,1.7,0.42,2,0,5,5,3.3,2.04,5,0,10,10,1.0,1.8,0,0,0,0,0.0,0.0,0,1,15,14,6.0,3.0,7,0,1,1,0.3,0.42,0,0,3,3,0.9,0.54,1,0,0,0,0.0,0.0,0,0,0,0,0.0,0.0,0,1,3,2,1.2,0.36,1,24.4975,115.765,91.2675,43.93183333333,28.733266666668,24.4975,0,2.493,2.493,1.4958,1.19664,2.493,0,0.0,0.0,0.0,0.0,0,64,229,165,123.7,71.64,64
Rb2Na1Sb1Cl6,19.0,11,51,40,23.8,10.72,17,2,94,92,65.9,37.54,94,22.98976928,121.76,98.77023072,52.840336928,26.8349178432,35.453,171.6,903.78,732.18,292.917,145.5804,171.6,1,17,16,12.0,6.6,17,3,5,2,3.6,0.84,3,102,220,118,135.7,40.44,102,0.82,3.16,2.34,2.358,0.9624,3.16,1,2,1,1.7,0.42,2,0,5,5,3.3,2.04,5,0,10,10,1.0,1.8,0,0,0,0,0.0,0.0,0,1,15,14,6.0,3.0,7,0,1,1,0.3,0.42,0,0,3,3,0.9,0.54,1,0,0,0,0.0,0.0,0,0,0,0,0.0,0.0,0,1,3,2,1.2,0.36,1,24.4975,90.7225,66.225,38.92333333333,20.719666666668,24.4975,0,2.493,2.493,1.4958,1.19664,2.493,0,0.0,0.0,0.0,0.0,0,64,229,165,123.7,71.64,64
Cs2Na1Y1Br6,38.0,11,55,44,37.0,7.6,35,2,95,93,59.4,42.72,95,22.98976928,132.9054519,109.91568262,85.713052308,19.5155193752,79.904,265.8,1799.0,1533.2,436.785,272.443,265.8,1,17,16,10.8,7.44,17,3,6,3,4.4,0.76,4,120,244,124,156.4,43.68,120,0.79,2.96,2.17,2.149,0.9732,2.96,1,2,1,1.7,0.42,2,0,5,5,3.0,2.4,5,0,10,10,6.1,4.68,10,0,0,0,0.0,0.0,0,1,17,16,10.8,7.44,17,0,1,1,0.3,0.42,0,0,1,1,0.6,0.48,1,0,9,9,0.9,1.62,0,0,0,0,0.0,0.0,0,1,9,8,1.8,1.44,1,29.2433333333,115.765,86.5216666667,47.00183333333,27.505266666668,29.48,0,1.457,1.457,0.8742,0.69936,1.457,0,0.0,0.0,0.0,0.0,0,64,229,165,126.5,75.0,64
Cs2Na1As1Cl6,21.0,11,55,44,25.6,13.24,17,2,94,92,66.0,37.2,94,22.98976928,132.9054519,109.91568262,57.644027308,33.5600843752,35.453,171.6,1090.0,918.4,309.365,168.428,171.6,1,17,16,12.0,6.6,17,3,6,3,3.7,0.98,3,102,244,142,138.5,47.7,102,0.79,3.16,2.37,2.365,0.954,3.16,1,2,1,1.7,0.42,2,0,5,5,3.3,2.04,5,0,10,10,1.0,1.8,0,0,0,0,0.0,0.0,0,1,15,14,6.0,3.0,7,0,1,1,0.3,0.42,0,0,3,3,0.9,0.54,1,0,0,0,0.0,0.0,0,0,0,0,0.0,0.0,0,1,3,2,1.2,0.36,1,22.175,115.765,93.59,42.99333333333,29.108666666668,24.4975,0,2.493,2.493,1.4958,1.19664,2.493,0,0.0,0.0,0.0,0.0,0,64,229,165,123.7,71.64,64
Rb2Tl1In1Cl6,22.0,17,81,64,30.6,16.32,17,4,94,90,72.3,27.32,94,35.453,204.3833,168.9303,70.28549,41.798988,35.453,171.6,577.0,405.4,266.127,113.4324,171.6,1,17,16,13.0,4.8,17,3,6,3,3.9,1.08,3,102,220,118,133.9,38.28,102,0.82,3.16,2.34,2.4,0.912,3.16,1,2,1,1.8,0.32,2,0,5,5,3.2,2.16,5,0,10,10,2.0,3.2,0,0,14,14,1.4,2.52,0,1,27,26,8.4,4.64,7,0,1,1,0.2,0.32,0,0,5,5,1.6,1.36,1,0,0,0,0.0,0.0,0,0,0,0,0.0,0.0,0,1,5,4,1.8,1.28,1,24.26,90.7225,66.4625,37.96,21.105,24.4975,0,2.493,2.493,1.4958,1.19664,2.493,0,0.0,0.0,0.0,0.0,0,64,229,165,117.5,64.2,64
Rb2Na1Tl1Cl6,17.0,11,81,70,26.8,14.92,17,2,94,92,65.0,37.0,94,22.98976928,204.3833,181.39353072,61.102666928,38.4021798432,35.453,171.6,577.0,405.4,260.239,106.3668,171.6,1,17,16,11.8,6.48,17,3,6,3,3.7,0.98,3,102,220,118,136.3,41.16,102,0.82,3.16,2.34,2.315,1.014,3.16,1,2,1,1.7,0.42,2,0,5,5,3.1,2.28,5,0,10,10,1.0,1.8,0,0,14,14,1.4,2.52,0,1,27,26,7.2,3.96,7,0,1,1,0.3,0.42,0,0,5,5,1.1,0.78,1,0,0,0,0.0,0.0,0,0,0,0,0.0,0.0,0,1,5,4,1.4,0.72,1,24.4975,90.7225,66.225,38.45833333333,20.905666666668,24.4975,0,2.493,2.493,1.4958,1.19664,2.493,0,0.0,0.0,0.0,0.0,0,64,229,165,126.5,75.0,64
Rb2Li1Tl1Cl6,20.0,3,81,78,26.0,15.4,17,1,94,93,64.9,37.14,94,6.941,204.3833,197.4423,59.49779,39.365106,35.453,171.6,577.0,405.4,268.521,116.3052,171.6,1,17,16,11.8,6.48,17,2,6,4,3.6,1.04,3,102,220,118,132.5,37.5,102,0.82,3.16,2.34,2.32,1.008,3.16,1,2,1,1.7,0.42,2,0,5,5,3.1,2.28,5,0,10,10,1.0,1.8,0,0,14,14,1.4,2.52,0,1,27,26,7.2,3.96,7,0,1,1,0.3,0.42,0,0,5,5,1.1,0.78,1,0,0,0,0.0,0.0,0,0,0,0,0.0,0.0,0,1,5,4,1.4,0.72,1,16.5933333333,90.7225,74.1291666667,37.19333333333,21.411666666668,24.4975,0,2.493,2.493,1.4958,1.19664,2.493,0,0.0,0.0,0.0,0.0,0,64,229,165,126.5,75.0,64
Cs2Rb1In1Br6,28.0,35,55,20,40.6,7.44,35,4,95,91,65.9,36.74,95,79.904,132.9054519,53.0014519,94.55207038,19.394538532,79.904,265.8,429.75,163.95,294.019,33.8628,265.8,1,17,16,11.8,6.48,17,4,6,2,4.6,0.72,4,120,244,124,157.0,47.4,120,0.79,2.96,2.17,2.194,0.9192,2.96,1,2,1,1.7,0.42,2,0,5,5,3.1,2.28,5,0,10,10,7.0,4.2,10,0,0,0,0.0,0.0,0,1,17,16,11.8,6.48,17,0,1,1,0.3,0.42,0,0,5,5,1.1,0.78,1,0,0,0,0.0,0.0,0,0,0,0,0.0,0.0,0,1,5,4,1.4,0.72,1,24.26,115.765,91.505,52.33925,33.04695,29.48,0,1.457,1.457,0.8742,0.69936,1.457,0,0.0,0.0,0.0,0.0,0,64,229,165,121.0,68.4,64
Cs2Tl1In1Br6,20.0,35,81,46,45.0,12.0,35,5,95,90,73.1,27.24,95,79.904,204.3833,124.4793,106.44362038,31.847544456,79.904,265.8,577.0,311.2,320.473,73.1608,265.8,1,17,16,13.0,4.8,17,4,6,2,4.7,0.84,4,120,244,124,149.5,37.8,120,0.79,2.96,2.17,2.274,0.8232,2.96,1,2,1,1.8,0.32,2,0,5,5,3.2,2.16,5,0,10,10,8.0,3.2,10,0,14,14,1.4,2.52,0,1,27,26,14.4,5.64,17,0,1,1,0.2,0.32,0,0,5,5,1.6,1.36,1,0,0,0,0.0,0.0,0,0,0,0,0.0,0.0,0,1,5,4,1.8,1.28,1,24.26,115.765,91.505,45.958,27.9228,29.48,0,1.457,1.457,0.8742,0.69936,1.457,0,0.0,0.0,0.0,0.0,0,64,229,165,117.5,64.2,64
